{"stats":{"minecraft:mined":{"minecraft:iron_ore":1,"minecraft:crafting_table":1,"minecraft:short_grass":1,"minecraft:grass_block":2,"minecraft:oak_log":12,"minecraft:gravel":2,"minecraft:dirt":6,"minecraft:stone":24,"minecraft:diorite":2,"minecraft:oak_leaves":1},"minecraft:killed":{"minecraft:pig":5,"minecraft:chicken":1},"minecraft:custom":{"minecraft:time_since_rest":2153,"minecraft:sprint_one_cm":19406,"minecraft:damage_taken":510,"minecraft:walk_one_cm":18986,"minecraft:mob_kills":6,"minecraft:damage_dealt":540,"minecraft:interact_with_crafting_table":3,"minecraft:fly_one_cm":17731,"minecraft:crouch_one_cm":2636,"minecraft:play_time":9347,"minecraft:deaths":1,"minecraft:sneak_time":967,"minecraft:walk_under_water_one_cm":4502,"minecraft:jump":119,"minecraft:time_since_death":2041,"minecraft:walk_on_water_one_cm":3236,"minecraft:total_world_time":9347,"minecraft:fall_one_cm":8574},"minecraft:used":{"minecraft:stone_pickaxe":7,"minecraft:wooden_pickaxe":31,"minecraft:stone_axe":10,"minecraft:dirt":8,"minecraft:cobblestone":2,"minecraft:crafting_table":2},"minecraft:crafted":{"minecraft:oak_planks":48,"minecraft:crafting_table":1,"minecraft:stick":8,"minecraft:wooden_pickaxe":1,"minecraft:stone_pickaxe":2,"minecraft:stone_axe":1},"minecraft:picked_up":{"minecraft:stick":4,"minecraft:crafting_table":2,"minecraft:feather":2,"minecraft:chicken":2,"minecraft:gravel":2,"minecraft:porkchop":10,"minecraft:oak_log":12,"minecraft:diorite":2,"minecraft:dirt":8,"minecraft:cobblestone":40}},"DataVersion":3839}