{"stats":{"minecraft:mined":{"minecraft:tuff":10,"minecraft:furnace":2,"minecraft:iron_ore":8,"minecraft:crafting_table":4,"minecraft:short_grass":1,"minecraft:grass_block":2,"minecraft:oak_log":18,"minecraft:deepslate_iron_ore":10,"minecraft:gravel":2,"minecraft:dirt":6,"minecraft:stone":24,"minecraft:diorite":2,"minecraft:oak_leaves":1,"minecraft:deepslate":13},"minecraft:killed":{"minecraft:pig":5,"minecraft:chicken":1},"minecraft:custom":{"minecraft:time_since_rest":14153,"minecraft:interact_with_furnace":7,"minecraft:sprint_one_cm":40964,"minecraft:damage_taken":660,"minecraft:walk_one_cm":49950,"minecraft:mob_kills":6,"minecraft:drop":1,"minecraft:damage_dealt":617,"minecraft:swim_one_cm":478,"minecraft:interact_with_crafting_table":9,"minecraft:fly_one_cm":51746,"minecraft:open_chest":4,"minecraft:crouch_one_cm":7535,"minecraft:play_time":21347,"minecraft:deaths":1,"minecraft:sneak_time":2225,"minecraft:walk_under_water_one_cm":19153,"minecraft:jump":371,"minecraft:time_since_death":14041,"minecraft:walk_on_water_one_cm":8741,"minecraft:total_world_time":21347,"minecraft:fall_one_cm":17006},"minecraft:dropped":{"minecraft:wooden_pickaxe":1},"minecraft:crafted":{"minecraft:oak_planks":72,"minecraft:shield":1,"minecraft:crafting_table":1,"minecraft:stick":20,"minecraft:iron_ingot":2,"minecraft:wooden_pickaxe":1,"minecraft:stone_pickaxe":3,"minecraft:furnace":1,"minecraft:stone_axe":1,"minecraft:bread":2,"minecraft:air":0},"minecraft:used":{"minecraft:diorite":2,"minecraft:bread":4,"minecraft:chicken":1,"minecraft:stone_pickaxe":54,"minecraft:wooden_pickaxe":31,"minecraft:gravel":2,"minecraft:stone_axe":10,"minecraft:dirt":8,"minecraft:cobblestone":15,"minecraft:crafting_table":5,"minecraft:furnace":2,"minecraft:tuff":11,"minecraft:cobbled_deepslate":4},"minecraft:picked_up":{"minecraft:raw_iron":17,"minecraft:stick":4,"minecraft:crafting_table":5,"minecraft:feather":4,"minecraft:chicken":2,"minecraft:wooden_pickaxe":2,"minecraft:gravel":2,"minecraft:porkchop":10,"minecraft:tuff":11,"minecraft:oak_log":18,"minecraft:diorite":2,"minecraft:string":1,"minecraft:dirt":8,"minecraft:wooden_sword":1,"minecraft:cobbled_deepslate":14,"minecraft:stone_pickaxe":1,"minecraft:cobblestone":40,"minecraft:furnace":2}},"DataVersion":3839}