{"stats":{"minecraft:mined":{"minecraft:tuff":16,"minecraft:crafting_table":6,"minecraft:torch":2,"minecraft:granite":1,"minecraft:short_grass":1,"minecraft:grass_block":2,"minecraft:cobblestone":6,"minecraft:diorite":2,"minecraft:wall_torch":5,"minecraft:raw_iron_block":1,"minecraft:furnace":3,"minecraft:iron_ore":15,"minecraft:cobbled_deepslate":2,"minecraft:andesite":1,"minecraft:oak_log":18,"minecraft:coal_ore":18,"minecraft:deepslate_iron_ore":38,"minecraft:gravel":2,"minecraft:dirt":6,"minecraft:stone":34,"minecraft:oak_leaves":1,"minecraft:deepslate":20},"minecraft:killed":{"minecraft:pig":5,"minecraft:chicken":1},"minecraft:custom":{"minecraft:interact_with_furnace":18,"minecraft:mob_kills":6,"minecraft:interact_with_crafting_table":14,"minecraft:time_since_death":26041,"minecraft:time_since_rest":26153,"minecraft:sprint_one_cm":74348,"minecraft:damage_taken":764,"minecraft:walk_one_cm":80998,"minecraft:damage_blocked_by_shield":100,"minecraft:drop":1,"minecraft:damage_dealt":796,"minecraft:swim_one_cm":478,"minecraft:fly_one_cm":83512,"minecraft:open_chest":4,"minecraft:crouch_one_cm":11541,"minecraft:play_time":33347,"minecraft:deaths":1,"minecraft:sneak_time":3935,"minecraft:walk_under_water_one_cm":21139,"minecraft:jump":623,"minecraft:walk_on_water_one_cm":11280,"minecraft:total_world_time":33347,"minecraft:fall_one_cm":21929},"minecraft:dropped":{"minecraft:wooden_pickaxe":1},"minecraft:crafted":{"minecraft:oak_planks":72,"minecraft:raw_iron":9,"minecraft:crafting_table":1,"minecraft:wooden_pickaxe":1,"minecraft:iron_sword":1,"minecraft:furnace":1,"minecraft:stone_axe":2,"minecraft:bread":2,"minecraft:air":0,"minecraft:iron_boots":1,"minecraft:shield":1,"minecraft:stick":24,"minecraft:iron_ingot":9,"minecraft:iron_pickaxe":1,"minecraft:stone_pickaxe":3,"minecraft:torch":8},"minecraft:used":{"minecraft:diorite":2,"minecraft:stone_pickaxe":145,"minecraft:wooden_pickaxe":31,"minecraft:shield":4,"minecraft:iron_sword":3,"minecraft:rotten_flesh":2,"minecraft:torch":13,"minecraft:dirt":8,"minecraft:crafting_table":7,"minecraft:tuff":16,"minecraft:granite":2,"minecraft:chicken":1,"minecraft:bread":4,"minecraft:iron_pickaxe":1,"minecraft:iron_boots":1,"minecraft:gravel":2,"minecraft:stone_axe":11,"minecraft:cobblestone":24,"minecraft:furnace":4,"minecraft:andesite":1,"minecraft:cobbled_deepslate":8},"minecraft:picked_up":{"minecraft:crafting_table":7,"minecraft:feather":4,"minecraft:chicken":2,"minecraft:andesite":1,"minecraft:wooden_pickaxe":2,"minecraft:tuff":17,"minecraft:oak_log":18,"minecraft:dirt":8,"minecraft:string":1,"minecraft:wooden_sword":1,"minecraft:cobbled_deepslate":23,"minecraft:iron_ingot":1,"minecraft:stone_pickaxe":1,"minecraft:furnace":3,"minecraft:stick":4,"minecraft:raw_iron":67,"minecraft:torch":7,"minecraft:raw_iron_block":1,"minecraft:gravel":2,"minecraft:porkchop":10,"minecraft:diorite":2,"minecraft:rotten_flesh":2,"minecraft:granite":2,"minecraft:coal":33,"minecraft:cobblestone":57}},"DataVersion":3839}