{"stats":{"minecraft:mined":{"minecraft:tuff":17,"minecraft:deepslate_diamond_ore":2,"minecraft:crafting_table":8,"minecraft:torch":2,"minecraft:granite":1,"minecraft:short_grass":1,"minecraft:grass_block":2,"minecraft:cobblestone":6,"minecraft:diorite":2,"minecraft:wall_torch":5,"minecraft:raw_iron_block":1,"minecraft:furnace":4,"minecraft:iron_ore":16,"minecraft:cobbled_deepslate":2,"minecraft:andesite":1,"minecraft:oak_log":18,"minecraft:coal_ore":18,"minecraft:deepslate_iron_ore":38,"minecraft:gravel":2,"minecraft:dirt":6,"minecraft:stone":41,"minecraft:oak_leaves":1,"minecraft:deepslate":24},"minecraft:killed":{"minecraft:pig":5,"minecraft:sheep":1,"minecraft:chicken":1},"minecraft:custom":{"minecraft:interact_with_furnace":51,"minecraft:mob_kills":7,"minecraft:interact_with_crafting_table":25,"minecraft:time_since_death":38041,"minecraft:sleep_in_bed":1,"minecraft:time_since_rest":2071,"minecraft:sprint_one_cm":81771,"minecraft:damage_taken":854,"minecraft:walk_one_cm":99263,"minecraft:damage_blocked_by_shield":100,"minecraft:drop":3,"minecraft:damage_dealt":876,"minecraft:swim_one_cm":7051,"minecraft:fly_one_cm":89946,"minecraft:open_chest":4,"minecraft:crouch_one_cm":12128,"minecraft:play_time":45347,"minecraft:deaths":1,"minecraft:sneak_time":4154,"minecraft:walk_under_water_one_cm":31160,"minecraft:jump":748,"minecraft:walk_on_water_one_cm":13778,"minecraft:total_world_time":45347,"minecraft:fall_one_cm":24186},"minecraft:dropped":{"minecraft:iron_boots":1,"minecraft:iron_leggings":1,"minecraft:wooden_pickaxe":1},"minecraft:crafted":{"minecraft:oak_planks":72,"minecraft:raw_iron":9,"minecraft:crafting_table":1,"minecraft:iron_helmet":1,"minecraft:wooden_pickaxe":1,"minecraft:iron_sword":1,"minecraft:furnace":1,"minecraft:stone_axe":2,"minecraft:cooked_mutton":1,"minecraft:bread":2,"minecraft:air":0,"minecraft:iron_chestplate":1,"minecraft:iron_boots":2,"minecraft:shield":1,"minecraft:stick":24,"minecraft:iron_ingot":40,"minecraft:iron_pickaxe":1,"minecraft:stone_pickaxe":3,"minecraft:iron_leggings":2,"minecraft:torch":8},"minecraft:used":{"minecraft:diorite":2,"minecraft:stone_pickaxe":145,"minecraft:wooden_pickaxe":31,"minecraft:shield":4,"minecraft:iron_sword":4,"minecraft:rotten_flesh":2,"minecraft:iron_chestplate":1,"minecraft:torch":14,"minecraft:dirt":8,"minecraft:crafting_table":8,"minecraft:tuff":18,"minecraft:granite":2,"minecraft:chicken":1,"minecraft:bread":4,"minecraft:iron_pickaxe":17,"minecraft:iron_boots":1,"minecraft:gravel":2,"minecraft:stone_axe":13,"minecraft:cobblestone":24,"minecraft:furnace":5,"minecraft:andesite":1,"minecraft:cobbled_deepslate":8,"minecraft:iron_leggings":1},"minecraft:picked_up":{"minecraft:crafting_table":9,"minecraft:feather":4,"minecraft:chicken":2,"minecraft:andesite":1,"minecraft:wooden_pickaxe":2,"minecraft:tuff":18,"minecraft:oak_log":18,"minecraft:dirt":8,"minecraft:string":2,"minecraft:wooden_sword":1,"minecraft:cobbled_deepslate":27,"minecraft:iron_ingot":2,"minecraft:stone_pickaxe":1,"minecraft:furnace":4,"minecraft:stick":4,"minecraft:raw_iron":85,"minecraft:torch":7,"minecraft:raw_iron_block":1,"minecraft:gravel":2,"minecraft:porkchop":10,"minecraft:diorite":2,"minecraft:white_bed":1,"minecraft:rotten_flesh":2,"minecraft:diamond":2,"minecraft:granite":2,"minecraft:mutton":8,"minecraft:coal":37,"minecraft:white_wool":1,"minecraft:cobblestone":64}},"DataVersion":3839}