{"stats":{"minecraft:mined":{"minecraft:deepslate_redstone_ore":10,"minecraft:diamond_ore":2,"minecraft:tuff":8,"minecraft:white_bed":3,"minecraft:amethyst_cluster":3,"minecraft:crafting_table":9,"minecraft:short_grass":2,"minecraft:spruce_leaves":11,"minecraft:deepslate_gold_ore":3,"minecraft:sugar_cane":5,"minecraft:amethyst_block":2,"minecraft:furnace":5,"minecraft:iron_ore":12,"minecraft:spruce_log":18,"minecraft:birch_leaves":1,"minecraft:andesite":1,"minecraft:deepslate_lapis_ore":7,"minecraft:oak_log":45,"minecraft:coal_ore":65,"minecraft:deepslate_iron_ore":29,"minecraft:stone":53,"minecraft:gold_ore":2,"minecraft:oak_leaves":3,"minecraft:deepslate":10},"minecraft:killed":{"minecraft:pig":3,"minecraft:spider":3,"minecraft:creeper":1,"minecraft:skeleton":9,"minecraft:sheep":7,"minecraft:zombie":8,"minecraft:chicken":6},"minecraft:custom":{"minecraft:interact_with_furnace":39,"minecraft:mob_kills":37,"minecraft:interact_with_crafting_table":17,"minecraft:leave_game":1,"minecraft:time_since_death":25431,"minecraft:sleep_in_bed":3,"minecraft:time_since_rest":2159,"minecraft:sprint_one_cm":154016,"minecraft:damage_taken":1211,"minecraft:walk_one_cm":60178,"minecraft:damage_blocked_by_shield":551,"minecraft:drop":9,"minecraft:damage_dealt":5154,"minecraft:swim_one_cm":24689,"minecraft:fly_one_cm":160074,"minecraft:open_chest":6,"minecraft:play_time":45886,"minecraft:crouch_one_cm":5911,"minecraft:sneak_time":2455,"minecraft:deaths":2,"minecraft:walk_under_water_one_cm":16342,"minecraft:boat_one_cm":3317,"minecraft:jump":1002,"minecraft:walk_on_water_one_cm":17415,"minecraft:total_world_time":45886,"minecraft:fall_one_cm":27804},"minecraft:dropped":{"minecraft:stone_sword":1,"minecraft:tuff":8,"minecraft:stone_shovel":1,"minecraft:rotten_flesh":3,"minecraft:mutton":12,"minecraft:wooden_axe":1,"minecraft:stone_pickaxe":1,"minecraft:white_wool":1},"minecraft:crafted":{"minecraft:oak_planks":24,"minecraft:stone_shovel":1,"minecraft:crafting_table":1,"minecraft:spruce_planks":12,"minecraft:iron_helmet":1,"minecraft:wooden_pickaxe":1,"minecraft:cooked_chicken":3,"minecraft:iron_sword":1,"minecraft:furnace":2,"minecraft:stone_axe":1,"minecraft:cooked_mutton":3,"minecraft:air":0,"minecraft:iron_chestplate":1,"minecraft:shield":1,"minecraft:iron_axe":1,"minecraft:stick":20,"minecraft:iron_ingot":22,"minecraft:iron_pickaxe":1,"minecraft:stone_pickaxe":1,"minecraft:wooden_axe":1,"minecraft:stone_sword":1,"minecraft:iron_shovel":1,"minecraft:white_bed":1,"minecraft:spruce_boat":1,"minecraft:torch":36},"minecraft:used":{"minecraft:cooked_mutton":7,"minecraft:stone_sword":39,"minecraft:stone_pickaxe":48,"minecraft:wooden_pickaxe":4,"minecraft:shield":14,"minecraft:iron_sword":54,"minecraft:cooked_chicken":6,"minecraft:torch":38,"minecraft:crafting_table":9,"minecraft:white_bed":3,"minecraft:spruce_boat":1,"minecraft:wooden_axe":7,"minecraft:iron_axe":67,"minecraft:iron_pickaxe":161,"minecraft:stone_axe":4,"minecraft:cobblestone":22,"minecraft:furnace":5,"minecraft:oak_sapling":1,"minecraft:bucket":1,"minecraft:andesite":1,"minecraft:egg":1},"minecraft:killed_by":{"minecraft:creeper":1},"minecraft:picked_up":{"minecraft:wooden_axe":2,"minecraft:crafting_table":11,"minecraft:feather":24,"minecraft:chicken":21,"minecraft:andesite":1,"minecraft:tuff":8,"minecraft:oak_log":123,"minecraft:shield":2,"minecraft:gunpowder":6,"minecraft:dirt":11,"minecraft:lapis_lazuli":50,"minecraft:string":6,"minecraft:iron_axe":2,"minecraft:iron_leggings":1,"minecraft:cooked_mutton":4,"minecraft:bone":14,"minecraft:cobbled_deepslate":11,"minecraft:raw_gold":4,"minecraft:iron_ingot":1,"minecraft:stone_pickaxe":2,"minecraft:cooked_chicken":3,"minecraft:iron_pickaxe":2,"minecraft:sugar_cane":21,"minecraft:furnace":9,"minecraft:iron_boots":1,"minecraft:egg":2,"minecraft:stick":31,"minecraft:raw_iron":60,"minecraft:torch":2,"minecraft:porkchop":5,"minecraft:amethyst_shard":12,"minecraft:spruce_sapling":15,"minecraft:white_bed":4,"minecraft:spruce_log":48,"minecraft:redstone":45,"minecraft:spider_eye":3,"minecraft:stone_sword":2,"minecraft:arrow":18,"minecraft:stone_shovel":2,"minecraft:rotten_flesh":6,"minecraft:diamond":1,"minecraft:spruce_boat":3,"minecraft:stone_axe":1,"minecraft:oak_sapling":16,"minecraft:mutton":27,"minecraft:coal":180,"minecraft:white_wool":9,"minecraft:cobblestone":82}},"DataVersion":3839}