{"stats":{"minecraft:mined":{"minecraft:white_bed":1,"minecraft:crafting_table":8,"minecraft:spruce_leaves":11,"minecraft:sugar_cane":2,"minecraft:furnace":2,"minecraft:iron_ore":10,"minecraft:spruce_log":18,"minecraft:birch_leaves":1,"minecraft:andesite":1,"minecraft:oak_log":45,"minecraft:coal_ore":56,"minecraft:stone":47,"minecraft:oak_leaves":3},"minecraft:killed":{"minecraft:spider":3,"minecraft:creeper":1,"minecraft:skeleton":2,"minecraft:sheep":4,"minecraft:zombie":3,"minecraft:chicken":6},"minecraft:custom":{"minecraft:interact_with_furnace":9,"minecraft:mob_kills":19,"minecraft:interact_with_crafting_table":12,"minecraft:time_since_death":1599,"minecraft:sleep_in_bed":1,"minecraft:time_since_rest":1624,"minecraft:sprint_one_cm":97197,"minecraft:damage_taken":837,"minecraft:walk_one_cm":32342,"minecraft:damage_blocked_by_shield":25,"minecraft:damage_dealt":2340,"minecraft:swim_one_cm":4886,"minecraft:fly_one_cm":86611,"minecraft:crouch_one_cm":3119,"minecraft:play_time":22054,"minecraft:deaths":2,"minecraft:sneak_time":1369,"minecraft:walk_under_water_one_cm":387,"minecraft:boat_one_cm":3317,"minecraft:jump":505,"minecraft:walk_on_water_one_cm":2082,"minecraft:total_world_time":22054,"minecraft:fall_one_cm":13279},"minecraft:crafted":{"minecraft:oak_planks":24,"minecraft:stone_shovel":1,"minecraft:crafting_table":1,"minecraft:spruce_planks":12,"minecraft:wooden_pickaxe":1,"minecraft:furnace":2,"minecraft:stone_axe":1,"minecraft:cooked_mutton":3,"minecraft:air":0,"minecraft:shield":1,"minecraft:iron_axe":1,"minecraft:stick":20,"minecraft:iron_ingot":7,"minecraft:iron_pickaxe":1,"minecraft:stone_pickaxe":1,"minecraft:wooden_axe":1,"minecraft:stone_sword":1,"minecraft:white_bed":1,"minecraft:spruce_boat":1},"minecraft:used":{"minecraft:cooked_mutton":3,"minecraft:stone_sword":39,"minecraft:stone_pickaxe":48,"minecraft:wooden_pickaxe":4,"minecraft:shield":1,"minecraft:crafting_table":8,"minecraft:white_bed":1,"minecraft:spruce_boat":1,"minecraft:wooden_axe":7,"minecraft:iron_axe":66,"minecraft:iron_pickaxe":65,"minecraft:stone_axe":4,"minecraft:furnace":2,"minecraft:oak_sapling":1,"minecraft:andesite":1,"minecraft:egg":1},"minecraft:killed_by":{"minecraft:creeper":1},"minecraft:picked_up":{"minecraft:wooden_axe":2,"minecraft:crafting_table":10,"minecraft:feather":24,"minecraft:chicken":21,"minecraft:andesite":1,"minecraft:oak_log":123,"minecraft:shield":2,"minecraft:gunpowder":6,"minecraft:dirt":11,"minecraft:string":6,"minecraft:iron_axe":2,"minecraft:bone":6,"minecraft:stone_pickaxe":2,"minecraft:iron_pickaxe":2,"minecraft:sugar_cane":12,"minecraft:furnace":6,"minecraft:egg":2,"minecraft:stick":31,"minecraft:raw_iron":10,"minecraft:spruce_sapling":15,"minecraft:white_bed":3,"minecraft:spruce_log":48,"minecraft:spider_eye":3,"minecraft:rotten_flesh":2,"minecraft:stone_sword":2,"minecraft:arrow":12,"minecraft:stone_shovel":2,"minecraft:stone_axe":1,"minecraft:spruce_boat":3,"minecraft:oak_sapling":16,"minecraft:mutton":15,"minecraft:coal":166,"minecraft:white_wool":6,"minecraft:cobblestone":75}},"DataVersion":3839}