{"stats":{"minecraft:mined":{"minecraft:deepslate_redstone_ore":10,"minecraft:diamond_ore":2,"minecraft:tuff":7,"minecraft:white_bed":1,"minecraft:amethyst_cluster":3,"minecraft:crafting_table":9,"minecraft:spruce_leaves":11,"minecraft:deepslate_gold_ore":1,"minecraft:sugar_cane":2,"minecraft:amethyst_block":2,"minecraft:furnace":4,"minecraft:iron_ore":12,"minecraft:spruce_log":18,"minecraft:birch_leaves":1,"minecraft:andesite":1,"minecraft:deepslate_lapis_ore":5,"minecraft:deepslate_iron_ore":16,"minecraft:oak_log":45,"minecraft:coal_ore":63,"minecraft:stone":52,"minecraft:oak_leaves":3,"minecraft:deepslate":6},"minecraft:killed":{"minecraft:spider":3,"minecraft:creeper":1,"minecraft:skeleton":6,"minecraft:sheep":4,"minecraft:zombie":8,"minecraft:chicken":6},"minecraft:custom":{"minecraft:interact_with_furnace":22,"minecraft:mob_kills":28,"minecraft:interact_with_crafting_table":14,"minecraft:time_since_death":13599,"minecraft:sleep_in_bed":1,"minecraft:time_since_rest":13624,"minecraft:sprint_one_cm":129772,"minecraft:damage_taken":1107,"minecraft:walk_one_cm":47039,"minecraft:damage_blocked_by_shield":431,"minecraft:drop":2,"minecraft:damage_dealt":4014,"minecraft:swim_one_cm":10990,"minecraft:fly_one_cm":121345,"minecraft:open_chest":6,"minecraft:crouch_one_cm":5809,"minecraft:play_time":34054,"minecraft:deaths":2,"minecraft:sneak_time":2325,"minecraft:walk_under_water_one_cm":5328,"minecraft:boat_one_cm":3317,"minecraft:jump":754,"minecraft:walk_on_water_one_cm":10568,"minecraft:total_world_time":34054,"minecraft:fall_one_cm":21194},"minecraft:dropped":{"minecraft:tuff":8,"minecraft:rotten_flesh":3},"minecraft:crafted":{"minecraft:oak_planks":24,"minecraft:stone_shovel":1,"minecraft:crafting_table":1,"minecraft:spruce_planks":12,"minecraft:cooked_chicken":3,"minecraft:wooden_pickaxe":1,"minecraft:iron_sword":1,"minecraft:furnace":2,"minecraft:stone_axe":1,"minecraft:cooked_mutton":3,"minecraft:air":0,"minecraft:shield":1,"minecraft:iron_axe":1,"minecraft:stick":20,"minecraft:iron_ingot":12,"minecraft:iron_pickaxe":1,"minecraft:stone_pickaxe":1,"minecraft:wooden_axe":1,"minecraft:stone_sword":1,"minecraft:iron_shovel":1,"minecraft:white_bed":1,"minecraft:spruce_boat":1,"minecraft:torch":36},"minecraft:used":{"minecraft:cooked_mutton":3,"minecraft:stone_sword":39,"minecraft:stone_pickaxe":48,"minecraft:wooden_pickaxe":4,"minecraft:shield":10,"minecraft:iron_sword":29,"minecraft:cooked_chicken":6,"minecraft:torch":28,"minecraft:crafting_table":9,"minecraft:white_bed":1,"minecraft:spruce_boat":1,"minecraft:wooden_axe":7,"minecraft:iron_axe":67,"minecraft:iron_pickaxe":133,"minecraft:stone_axe":4,"minecraft:cobblestone":20,"minecraft:furnace":4,"minecraft:oak_sapling":1,"minecraft:andesite":1,"minecraft:egg":1},"minecraft:killed_by":{"minecraft:creeper":1},"minecraft:picked_up":{"minecraft:wooden_axe":2,"minecraft:crafting_table":11,"minecraft:feather":24,"minecraft:chicken":21,"minecraft:andesite":1,"minecraft:tuff":8,"minecraft:oak_log":123,"minecraft:shield":2,"minecraft:gunpowder":6,"minecraft:lapis_lazuli":37,"minecraft:dirt":11,"minecraft:string":6,"minecraft:iron_axe":2,"minecraft:cooked_mutton":4,"minecraft:bone":13,"minecraft:cobbled_deepslate":8,"minecraft:stone_pickaxe":2,"minecraft:cooked_chicken":3,"minecraft:iron_pickaxe":2,"minecraft:sugar_cane":12,"minecraft:furnace":8,"minecraft:egg":2,"minecraft:stick":31,"minecraft:raw_iron":28,"minecraft:torch":2,"minecraft:amethyst_shard":12,"minecraft:spruce_sapling":15,"minecraft:white_bed":3,"minecraft:spruce_log":48,"minecraft:redstone":45,"minecraft:spider_eye":3,"minecraft:rotten_flesh":6,"minecraft:stone_sword":2,"minecraft:arrow":14,"minecraft:stone_shovel":2,"minecraft:diamond":1,"minecraft:stone_axe":1,"minecraft:spruce_boat":3,"minecraft:oak_sapling":16,"minecraft:mutton":15,"minecraft:coal":173,"minecraft:white_wool":6,"minecraft:cobblestone":81}},"DataVersion":3839}