{"stats":{"minecraft:mined":{"minecraft:furnace":2,"minecraft:iron_ore":7,"minecraft:andesite":1,"minecraft:crafting_table":5,"minecraft:coal_ore":56,"minecraft:oak_log":37,"minecraft:stone":39,"minecraft:sugar_cane":2,"minecraft:oak_leaves":3},"minecraft:killed":{"minecraft:sheep":3,"minecraft:skeleton":1,"minecraft:chicken":4,"minecraft:creeper":1},"minecraft:custom":{"minecraft:time_since_rest":10054,"minecraft:interact_with_furnace":9,"minecraft:sprint_one_cm":29644,"minecraft:damage_taken":120,"minecraft:walk_one_cm":13618,"minecraft:mob_kills":9,"minecraft:damage_dealt":770,"minecraft:swim_one_cm":4101,"minecraft:interact_with_crafting_table":9,"minecraft:fly_one_cm":22533,"minecraft:crouch_one_cm":1643,"minecraft:play_time":10054,"minecraft:sneak_time":748,"minecraft:walk_under_water_one_cm":131,"minecraft:jump":155,"minecraft:time_since_death":10054,"minecraft:walk_on_water_one_cm":851,"minecraft:total_world_time":10054,"minecraft:fall_one_cm":2888},"minecraft:crafted":{"minecraft:oak_planks":20,"minecraft:stone_shovel":1,"minecraft:iron_axe":1,"minecraft:crafting_table":1,"minecraft:stick":16,"minecraft:iron_ingot":7,"minecraft:wooden_pickaxe":1,"minecraft:iron_pickaxe":1,"minecraft:stone_pickaxe":1,"minecraft:wooden_axe":1,"minecraft:stone_sword":1,"minecraft:furnace":2,"minecraft:stone_axe":1,"minecraft:air":0,"minecraft:cooked_mutton":3},"minecraft:used":{"minecraft:cooked_mutton":1,"minecraft:wooden_axe":7,"minecraft:stone_sword":7,"minecraft:iron_axe":34,"minecraft:stone_pickaxe":48,"minecraft:iron_pickaxe":54,"minecraft:wooden_pickaxe":4,"minecraft:stone_axe":4,"minecraft:crafting_table":5,"minecraft:oak_sapling":1,"minecraft:furnace":2,"minecraft:andesite":1},"minecraft:picked_up":{"minecraft:raw_iron":7,"minecraft:crafting_table":5,"minecraft:feather":6,"minecraft:chicken":7,"minecraft:andesite":1,"minecraft:oak_log":36,"minecraft:gunpowder":2,"minecraft:bone":1,"minecraft:arrow":2,"minecraft:oak_sapling":1,"minecraft:sugar_cane":6,"minecraft:mutton":5,"minecraft:coal":56,"minecraft:egg":1,"minecraft:white_wool":3,"minecraft:cobblestone":39,"minecraft:furnace":2}},"DataVersion":3839}