{"stats":{"minecraft:mined":{"minecraft:crafting_table":2,"minecraft:deepslate_lapis_ore":4,"minecraft:oak_log":18,"minecraft:deepslate_iron_ore":2,"minecraft:deepslate":19},"minecraft:killed":{"minecraft:sheep":3,"minecraft:zombie":1,"minecraft:pig":1},"minecraft:custom":{"minecraft:time_since_rest":8931,"minecraft:sprint_one_cm":16445,"minecraft:damage_taken":35,"minecraft:walk_one_cm":18238,"minecraft:mob_kills":5,"minecraft:drop":3,"minecraft:damage_dealt":525,"minecraft:swim_one_cm":2208,"minecraft:interact_with_crafting_table":2,"minecraft:fly_one_cm":13036,"minecraft:crouch_one_cm":71,"minecraft:play_time":8931,"minecraft:sneak_time":260,"minecraft:walk_under_water_one_cm":2388,"minecraft:jump":93,"minecraft:leave_game":4,"minecraft:walk_on_water_one_cm":2641,"minecraft:time_since_death":8931,"minecraft:total_world_time":8931,"minecraft:fall_one_cm":1649},"minecraft:dropped":{"minecraft:lapis_lazuli":30,"minecraft:cobbled_deepslate":11,"minecraft:oak_sapling":1},"minecraft:used":{"minecraft:wooden_axe":7,"minecraft:stone_pickaxe":22,"minecraft:wooden_pickaxe":3,"minecraft:wooden_sword":17,"minecraft:crafting_table":2},"minecraft:crafted":{"minecraft:wooden_sword":1,"minecraft:oak_planks":72,"minecraft:crafting_table":1,"minecraft:stick":28,"minecraft:wooden_pickaxe":1,"minecraft:stone_pickaxe":1,"minecraft:wooden_axe":1},"minecraft:picked_up":{"minecraft:crafting_table":2,"minecraft:raw_iron":1,"minecraft:porkchop":1,"minecraft:oak_log":18,"minecraft:lapis_lazuli":30,"minecraft:cobbled_deepslate":16,"minecraft:oak_sapling":1,"minecraft:mutton":5,"minecraft:white_wool":4}},"DataVersion":3839}