{"stats":{"minecraft:mined":{"minecraft:tuff":3,"minecraft:furnace":1,"minecraft:cobbled_deepslate":1,"minecraft:deepslate_lapis_ore":4,"minecraft:crafting_table":3,"minecraft:grass_block":3,"minecraft:oak_log":28,"minecraft:deepslate_iron_ore":14,"minecraft:dirt":5,"minecraft:deepslate_gold_ore":2,"minecraft:deepslate":45},"minecraft:killed":{"minecraft:sheep":3,"minecraft:zombie":4,"minecraft:pig":1},"minecraft:custom":{"minecraft:time_since_rest":20672,"minecraft:interact_with_furnace":9,"minecraft:sprint_one_cm":29085,"minecraft:damage_taken":120,"minecraft:walk_one_cm":32697,"minecraft:mob_kills":10,"minecraft:drop":9,"minecraft:damage_dealt":1270,"minecraft:swim_one_cm":7432,"minecraft:interact_with_crafting_table":8,"minecraft:fly_one_cm":21671,"minecraft:crouch_one_cm":505,"minecraft:play_time":20672,"minecraft:sneak_time":992,"minecraft:walk_under_water_one_cm":11154,"minecraft:jump":189,"minecraft:leave_game":6,"minecraft:time_since_death":20672,"minecraft:walk_on_water_one_cm":6329,"minecraft:total_world_time":20672,"minecraft:fall_one_cm":3089},"minecraft:dropped":{"minecraft:lapis_lazuli":30,"minecraft:cobbled_deepslate":11,"minecraft:wooden_axe":1,"minecraft:tuff":1,"minecraft:oak_sapling":1,"minecraft:rotten_flesh":1,"minecraft:wooden_sword":1,"minecraft:stone_pickaxe":1,"minecraft:wooden_pickaxe":1},"minecraft:crafted":{"minecraft:wooden_sword":1,"minecraft:oak_planks":108,"minecraft:crafting_table":2,"minecraft:stick":28,"minecraft:wooden_pickaxe":1,"minecraft:iron_ingot":9,"minecraft:iron_pickaxe":1,"minecraft:stone_pickaxe":1,"minecraft:wooden_axe":1,"minecraft:stone_sword":1,"minecraft:furnace":1,"minecraft:stone_axe":1},"minecraft:used":{"minecraft:wooden_axe":7,"minecraft:stone_pickaxe":63,"minecraft:iron_pickaxe":7,"minecraft:wooden_pickaxe":3,"minecraft:stone_axe":11,"minecraft:wooden_sword":48,"minecraft:dirt":2,"minecraft:crafting_table":4,"minecraft:furnace":1,"minecraft:tuff":1,"minecraft:cobbled_deepslate":3},"minecraft:picked_up":{"minecraft:crafting_table":3,"minecraft:raw_iron":13,"minecraft:porkchop":1,"minecraft:tuff":3,"minecraft:oak_log":27,"minecraft:dirt":9,"minecraft:lapis_lazuli":30,"minecraft:rotten_flesh":1,"minecraft:cobbled_deepslate":42,"minecraft:raw_gold":2,"minecraft:oak_sapling":1,"minecraft:mutton":5,"minecraft:oak_planks":36,"minecraft:white_wool":4,"minecraft:furnace":1}},"DataVersion":3839}