{"stats":{"minecraft:mined":{"minecraft:tuff":3,"minecraft:crafting_table":4,"minecraft:grass_block":3,"minecraft:deepslate_gold_ore":2,"minecraft:sugar_cane":5,"minecraft:large_fern":1,"minecraft:furnace":2,"minecraft:cobbled_deepslate":1,"minecraft:deepslate_lapis_ore":4,"minecraft:coal_ore":20,"minecraft:oak_log":34,"minecraft:deepslate_iron_ore":14,"minecraft:dirt":5,"minecraft:stone":16,"minecraft:oak_leaves":2,"minecraft:deepslate":45},"minecraft:killed":{"minecraft:pig":1,"minecraft:sheep":4,"minecraft:zombie":4,"minecraft:cow":1},"minecraft:custom":{"minecraft:interact_with_furnace":16,"minecraft:mob_kills":12,"minecraft:interact_with_crafting_table":9,"minecraft:leave_game":8,"minecraft:time_since_death":35803,"minecraft:time_since_rest":35803,"minecraft:sprint_one_cm":46656,"minecraft:damage_taken":120,"minecraft:walk_one_cm":39940,"minecraft:drop":18,"minecraft:damage_dealt":1450,"minecraft:swim_one_cm":9821,"minecraft:fly_one_cm":30544,"minecraft:crouch_one_cm":506,"minecraft:play_time":35803,"minecraft:sneak_time":1007,"minecraft:walk_under_water_one_cm":11178,"minecraft:jump":241,"minecraft:walk_on_water_one_cm":7851,"minecraft:total_world_time":35803,"minecraft:fall_one_cm":3507},"minecraft:dropped":{"minecraft:lapis_lazuli":30,"minecraft:cobbled_deepslate":11,"minecraft:tuff":2,"minecraft:rotten_flesh":1,"minecraft:leather":1,"minecraft:dirt":7,"minecraft:wooden_axe":1,"minecraft:oak_sapling":1,"minecraft:wooden_sword":1,"minecraft:wooden_pickaxe":1,"minecraft:stone_pickaxe":1},"minecraft:crafted":{"minecraft:wooden_sword":1,"minecraft:oak_planks":128,"minecraft:crafting_table":2,"minecraft:wooden_pickaxe":1,"minecraft:furnace":1,"minecraft:stone_axe":1,"minecraft:cooked_mutton":2,"minecraft:stick":28,"minecraft:iron_ingot":9,"minecraft:iron_pickaxe":1,"minecraft:stone_pickaxe":1,"minecraft:wooden_axe":1,"minecraft:stone_sword":1,"minecraft:white_bed":1,"minecraft:torch":20},"minecraft:used":{"minecraft:cooked_mutton":2,"minecraft:stone_sword":7,"minecraft:stone_pickaxe":63,"minecraft:wooden_pickaxe":3,"minecraft:torch":2,"minecraft:dirt":2,"minecraft:crafting_table":5,"minecraft:tuff":1,"minecraft:wooden_axe":7,"minecraft:iron_pickaxe":44,"minecraft:stone_axe":23,"minecraft:wooden_sword":48,"minecraft:furnace":2,"minecraft:cobbled_deepslate":4},"minecraft:picked_up":{"minecraft:crafting_table":4,"minecraft:leather":1,"minecraft:tuff":3,"minecraft:oak_log":32,"minecraft:lapis_lazuli":30,"minecraft:dirt":9,"minecraft:cobbled_deepslate":42,"minecraft:raw_gold":2,"minecraft:beef":1,"minecraft:sugar_cane":9,"minecraft:oak_planks":36,"minecraft:furnace":2,"minecraft:raw_iron":13,"minecraft:porkchop":1,"minecraft:rotten_flesh":1,"minecraft:oak_sapling":1,"minecraft:coal":20,"minecraft:mutton":7,"minecraft:white_wool":4,"minecraft:cobblestone":16}},"DataVersion":3839}