{"stats":{"minecraft:mined":{"minecraft:birch_leaves":1,"minecraft:crafting_table":1,"minecraft:short_grass":3,"minecraft:grass_block":1,"minecraft:oak_log":22,"minecraft:deepslate_iron_ore":9,"minecraft:dirt":3,"minecraft:oak_leaves":13,"minecraft:deepslate":56},"minecraft:killed":{"minecraft:spider":1},"minecraft:custom":{"minecraft:time_since_rest":27711,"minecraft:interact_with_furnace":2,"minecraft:sprint_one_cm":22274,"minecraft:damage_taken":105,"minecraft:walk_one_cm":58806,"minecraft:mob_kills":1,"minecraft:drop":1,"minecraft:damage_dealt":89,"minecraft:swim_one_cm":2261,"minecraft:interact_with_crafting_table":5,"minecraft:fly_one_cm":11338,"minecraft:crouch_one_cm":97,"minecraft:play_time":27711,"minecraft:sneak_time":26,"minecraft:walk_under_water_one_cm":14508,"minecraft:jump":187,"minecraft:leave_game":2,"minecraft:walk_on_water_one_cm":11093,"minecraft:time_since_death":27711,"minecraft:total_world_time":27711,"minecraft:fall_one_cm":4753},"minecraft:dropped":{"minecraft:crafting_table":1},"minecraft:crafted":{"minecraft:oak_planks":56,"minecraft:crafting_table":1,"minecraft:stick":4,"minecraft:stone_pickaxe":1,"minecraft:stone_axe":1,"minecraft:cooked_mutton":3,"minecraft:air":0},"minecraft:used":{"minecraft:cooked_mutton":1,"minecraft:apple":1,"minecraft:stone_pickaxe":66,"minecraft:stone_axe":16,"minecraft:dirt":3,"minecraft:crafting_table":1},"minecraft:picked_up":{"minecraft:wooden_axe":1,"minecraft:raw_iron":10,"minecraft:stick":2,"minecraft:crafting_table":2,"minecraft:tuff":2,"minecraft:oak_log":23,"minecraft:lapis_lazuli":30,"minecraft:dirt":10,"minecraft:rotten_flesh":1,"minecraft:apple":1,"minecraft:wheat_seeds":1,"minecraft:cobbled_deepslate":70,"minecraft:oak_sapling":1,"minecraft:oak_planks":37}},"DataVersion":3839}