{"stats":{"minecraft:mined":{"minecraft:short_grass":1,"minecraft:oak_log":14,"minecraft:birch_leaves":1,"minecraft:oak_leaves":9},"minecraft:custom":{"minecraft:time_since_rest":11423,"minecraft:crouch_one_cm":59,"minecraft:play_time":11423,"minecraft:sprint_one_cm":5660,"minecraft:damage_taken":30,"minecraft:walk_one_cm":19761,"minecraft:sneak_time":12,"minecraft:walk_under_water_one_cm":4348,"minecraft:drop":1,"minecraft:jump":55,"minecraft:damage_dealt":24,"minecraft:time_since_death":11423,"minecraft:walk_on_water_one_cm":5932,"minecraft:total_world_time":11423,"minecraft:interact_with_crafting_table":5,"minecraft:fall_one_cm":1514,"minecraft:fly_one_cm":1438},"minecraft:dropped":{"minecraft:crafting_table":1},"minecraft:used":{"minecraft:crafting_table":1},"minecraft:crafted":{"minecraft:oak_planks":56,"minecraft:stone_axe":1,"minecraft:crafting_table":1,"minecraft:stick":4,"minecraft:stone_pickaxe":1},"minecraft:picked_up":{"minecraft:crafting_table":1,"minecraft:raw_iron":1,"minecraft:stick":2,"minecraft:apple":1,"minecraft:cobbled_deepslate":14,"minecraft:oak_log":14,"minecraft:oak_sapling":1,"minecraft:lapis_lazuli":30,"minecraft:oak_planks":37}},"DataVersion":3839}