{"stats":{"minecraft:mined":{"minecraft:birch_leaves":1,"minecraft:crafting_table":1,"minecraft:short_grass":2,"minecraft:grass_block":1,"minecraft:oak_log":15,"minecraft:deepslate_iron_ore":9,"minecraft:dirt":3,"minecraft:oak_leaves":9,"minecraft:deepslate":56},"minecraft:killed":{"minecraft:spider":1},"minecraft:custom":{"minecraft:time_since_rest":23423,"minecraft:sprint_one_cm":12714,"minecraft:damage_taken":105,"minecraft:walk_one_cm":50233,"minecraft:mob_kills":1,"minecraft:drop":1,"minecraft:damage_dealt":89,"minecraft:interact_with_crafting_table":5,"minecraft:swim_one_cm":113,"minecraft:fly_one_cm":8018,"minecraft:crouch_one_cm":97,"minecraft:play_time":23423,"minecraft:sneak_time":26,"minecraft:walk_under_water_one_cm":14422,"minecraft:jump":157,"minecraft:walk_on_water_one_cm":10154,"minecraft:time_since_death":23423,"minecraft:total_world_time":23423,"minecraft:fall_one_cm":4544},"minecraft:dropped":{"minecraft:crafting_table":1},"minecraft:crafted":{"minecraft:oak_planks":56,"minecraft:crafting_table":1,"minecraft:stick":4,"minecraft:stone_pickaxe":1,"minecraft:stone_axe":1},"minecraft:used":{"minecraft:apple":1,"minecraft:stone_pickaxe":66,"minecraft:stone_axe":4,"minecraft:dirt":3,"minecraft:crafting_table":1},"minecraft:picked_up":{"minecraft:wooden_axe":1,"minecraft:stick":2,"minecraft:raw_iron":10,"minecraft:crafting_table":2,"minecraft:tuff":2,"minecraft:oak_log":16,"minecraft:lapis_lazuli":30,"minecraft:dirt":3,"minecraft:rotten_flesh":1,"minecraft:apple":1,"minecraft:cobbled_deepslate":70,"minecraft:oak_sapling":1,"minecraft:oak_planks":37}},"DataVersion":3839}